Uuid,Void/Retire,Same as mappings,Short name:en,Fully specified name:en,Fully specified name:fr,Data class,Data Type,Members,_version:1,_order:500
a5a5aaf1-541e-4ca6-9753-bd4b0e479f81,,CIEL:73449;SNOMED:372840008,,Ciprofloxacin,Ciprofloxacine,Drug,N/A,,,
f9608d19-a304-4508-9074-4858cd3ccbed,,CIEL:79782;SNOMED:372602008,,Metronidazole,Métronidazole,Drug,N/A,,,
9881091b-1802-4c62-8b80-a8fcb170b59f,,CIEL:70116;SNOMED:387517004,,Paracetamol,Paracétamol,Drug,N/A,,,
f05a49a3-8930-434d-a6da-240f2e127754,,CIEL:84360;SNOMED:387223008,,Streptomycin,Streptomycine,Drug,N/A,,,
83c9a8d1-d282-437f-a882-ff4c3179908d,,CIEL:78280;SNOMED:387472004,,Isoniazid,Lisoniazide,Drug,N/A,,,
38dcc101-d385-4771-b005-7ba9825ca0c6,,CIEL:767;SNOMED:387159009,,Rifampicin,Rifampicine,Drug,N/A,,,
aa018411-bcb2-4392-ab5f-b489f7243612,,CIEL:75948;SNOMED:387129004,,Ethambutol,Ethambutol,Drug,N/A,,,
0a1d2888-fd53-4031-9470-ca2140f997a9,,CIEL:72650;SNOMED:5540006,,Calcium,,Drug,N/A,,,
5fd156c3-c76f-4067-9856-6a6bd1912a96,,CIEL:82900;SNOMED:387076005,,Pyrazinamide,Pyrazinamide,Drug,N/A,,,
63aaaeba-9b3c-4ff5-9faf-522c10b6f54c,,CIEL:79651;SNOMED:372567009,,Metformin,Metformine,Drug,N/A,,,
01e09697-7bd1-42da-9c71-79f0fd1f8e02,,CIEL:82111;SNOMED:395828009,,Pioglitazone,Pioglitazone,Drug,N/A,,,
e6701098-9f0e-41f9-9c9d-fcdb57715bef,,CIEL:77032;SNOMED:387143009,,Glipizide,Glipizide,Drug,N/A,,,
38752a31-5b23-4957-ae0c-ecdbc6b0a489,,CIEL:70102;SNOMED:391703003,,Aceclofenac,Aceclofenac,Drug,N/A,,,
783aff6f-c427-4511-8df4-872b87fad050,,CIEL:70245;SNOMED:372729009,,Acyclovir,Acyclovir,Drug,N/A,,,
d770fc0a-1482-4078-b0cd-9a91d9afe0e5,,CIEL:70294;SNOMED:387362001,,Adrenaline,Adrénaline,Drug,N/A,,,
8f668b49-584f-4cba-b0f2-817a8aaf50c4,,CIEL:70439;SNOMED:387558006,,Albendazole,Albendazole,Drug,N/A,,,
80afda71-a024-4565-a936-9800fb3cb66d,,CIEL:70878;SNOMED:387135004,,Allopurinol,Allopurinol,Drug,N/A,,,
93ab76c0-6a9a-4d3e-9654-78dadae5db72,,CIEL:70938;SNOMED:386983007,,Alprazolam,Alprazolam,Drug,N/A,,,
15ed8cf2-f0bf-4cfa-9181-9a285e1349bd,,CIEL:71060;SNOMED:387266001,,Amikacin,Amikacine,Drug,N/A,,,
d721dc0f-fcc0-4beb-801c-6c6c21baa5bf,,CIEL:931;SNOMED:372726002,,Amitriptyline,Amitriptyline,Drug,N/A,,,
93491208-5dc1-47e5-9f3c-7bf99919f13a,,CIEL:71137;SNOMED:386864001,,Amlodipine,Amlodipine,Drug,N/A,,,
73a42073-eff0-436c-aed3-3001b0a2b603,,SNOMED:1216968002,,Amlodipine & Atenolol,Amlodipine et aténolol,Drug,N/A,,,
627a6041-ad81-4968-8adf-2f49aec4433b,,CIEL:71160;SNOMED:372687004,,Amoxicillin,Amoxicilline,Drug,N/A,,,
5af24242-1f58-40ef-a9a6-417cdf53c81c,,CIEL:103567;SNOMED:774587000,,Amoxicillin & Clavulanate,Amoxicilline et clavulanate,Drug,N/A,,,
7d46eccd-e611-4476-a114-9abd22767947,,CIEL:450;SNOMED:774587000,,Amoxicillin & Clavulanic Acid,Amoxicilline et acide clavulanique,Drug,N/A,,,
f0dbd31e-d189-44ca-b3cb-4dfe7f88c08f,,UNK:2531346545,,Amoxicillin & Cloxacillin,Amoxicilline et cloxacilline,Drug,N/A,,,
0212639d-bb3a-4307-9bb5-95c84e78b8ef,,CIEL:71184;SNOMED:77703004,,Amphotericin B,Amphotéricine b,Drug,N/A,,,
f9f69437-669d-4a3e-930b-b36994a2f9d4,,CIEL:71188;SNOMED:387170002,,Ampicillin,Ampicilline,Drug,N/A,,,
08c44970-d497-4270-8dad-e50a3df7e6a8,,CIEL:294;SNOMED:774591005,,Ampicillin & Cloxacillin,Ampicilline et cloxacilline,Drug,N/A,,,
d00fa604-4fe6-445d-81e9-7ae4aff8341f,,CIEL:944;SNOMED:372794006,,Antacid,Anti-acide,Drug,N/A,,,
9cedc898-c7e5-4edb-8085-0a40f33645d0,,UNK:1246294456,,Antioxidant,Antioxydant,Drug,N/A,,,
09291895-fb7d-4989-9e31-723ab44856d2,,CIEL:71617;SNOMED:387458008,,Aspirin,Aspirine,Drug,N/A,,,
316441ec-c0fd-44bc-a040-c68f4da8d228,,CIEL:71652;SNOMED:387506000,,Atenolol,Aténolol,Drug,N/A,,,
83902f85-63ba-4121-9446-940158804bc2,,CIEL:71665;SNOMED:373444002,,Atorvastatin,Atorvastatine,Drug,N/A,,,
b4dc0131-0a26-477c-806a-f690225194d6,,CIEL:71681;SNOMED:372832002,,Atropine,Atropine,Drug,N/A,,,
c3b264e0-8e01-42ee-a3b2-e2a357b73896,,CIEL:71780;SNOMED:387531004,,Azithromycin,Azithromycine,Drug,N/A,,,
12f2b5bc-a9be-4860-9393-03f30fa3f1cd,,CIEL:71917;SNOMED:116575004,,Beclomethasone Dipropionate,Dipropionate de béclométhasone,Drug,N/A,,,
502820f5-5a8b-4ee9-beba-fcf23c1ec2f7,,SNOMED:774807006,,Benzoic & Salicylic Acid,Acide benzoïque et salicylique,Drug,N/A,,,
9bc6c942-9da6-401f-ab44-87b95fa86830,,CIEL:72063;SNOMED:91598004,,Benzoyl Peroxide,Peroxyde de benzoyle,Drug,N/A,,,
a7ce5d88-1940-4569-b07b-97b12cb9656f,,CIEL:72120;SNOMED:116571008,,Betamethasone,Bétamethasone,Drug,N/A,,,
208b5be3-5c5a-4a1f-9c9a-2779373c7d86,,CIEL:72506;SNOMED:24022008,,Bupivacaine Hydrochloride,Chlorhydrate de bupivacaïne,Drug,N/A,,,
bb2afe54-a7d9-4ee5-9823-5a53fe03b725,,CIEL:72610;SNOMED:23068001,,Caffeine Citrate,Citrate de caféine,Drug,N/A,,,
d08ec8fe-2d91-489f-a416-16af0a043b0b,,CIEL:72621;SNOMED:387082008,,Calamine,Calamine,Drug,N/A,,,
9a318894-5341-424f-a4ed-98bea3a5e0ce,,CIEL:72678;SNOMED:387292008,,Calcium Gluconate,Gluconate de calcium,Drug,N/A,,,
aa367bfd-3846-4792-888d-32b13b13933b,,SNOMED:387222003,,Carbamazine,Carbamazine,Drug,N/A,,,
d4844d6b-4348-46ef-9dcf-f3d9c3541f83,,CIEL:72990;SNOMED:372651006,,Cefadroxil,Céfadroxil,Drug,N/A,,,
d7301792-6622-49e7-8de1-1f5e8471529c,,CIEL:72998;SNOMED:387470007,,Cefazolin,Céfazoline,Drug,N/A,,,
4907047b-1435-4eaf-9645-b67fba8a2e23,,CIEL:73003;SNOMED:96048006,,Cefepime,Céfépime,Drug,N/A,,,
4316906b-9ef4-4326-bd76-2988beed82a4,,CIEL:73006;SNOMED:387536009,,Cefixime,Céfixime,Drug,N/A,,,
38d061a2-e963-49dd-86fb-c8444b5de4c3,,CIEL:73034;SNOMED:387200005,,Ceftazidime,Ceftazidime,Drug,N/A,,,
057a960e-04f9-45a2-a1c7-cabf440cdf15,,CIEL:73041;SNOMED:372670001,,Ceftriaxone,Ceftriaxone,Drug,N/A,,,
dfeb53e9-4253-42fc-8f6e-edc6213c9515,,CIEL:73136;SNOMED:372523007,,Cetirizine,Cetirizine,Drug,N/A,,,
34f39ebd-e88e-4b74-b384-60eb9b3370e8,,SNOMED:780831000,,Dipirone,Dipirone,Drug,N/A,,,
2d0057fc-7a3c-40df-b0fb-2ae2c004dad6,,CIEL:73252;SNOMED:372866006,,Chlordiazepoxide,Chlordiazépoxide,Drug,N/A,,,
e6787b61-c496-43e7-93c9-77a2eb043105,,CIEL:73265;SNOMED:108895000,,Chlorhexidine Gluconate,Gluconate de chlorhexidine,Drug,N/A,,,
b48e38a8-b121-4cdf-91b9-469acd99273b,,CIEL:73300;SNOMED:373468005,,Chloroquine,Chloroquine,Drug,N/A,,,
b46265ad-397e-4db3-a439-594ff495f39f,,CIEL:73320;SNOMED:372914003,,Chlorpheniramine,Chlorphéniramine,Drug,N/A,,,
b50c9258-d3cc-43ea-9855-1c2b685f4aa9,,CIEL:73330;SNOMED:387258005,,Chlorpromazine,Chlorpromazine,Drug,N/A,,,
a4391c57-549b-4047-8971-c3fa72e140b5,,CIEL:73498;SNOMED:387487009,,Clarithromycine,Clarithromycine,Drug,N/A,,,
0797df4b-bdcd-4f4e-976e-b929874f814b,,CIEL:73561;SNOMED:387572002,,Clobazam,Clobazam,Drug,N/A,,,
3bb38c6e-d972-4cee-89c9-a3bddf60f698,,CIEL:73565;SNOMED:32197004,,Clobetasol Propionate,Propionate de clobétasol,Drug,N/A,,,
3ecf1ff7-22e4-4846-90dc-10ed9255ce8e,,SNOMED:387383007,,Clonazepam,Clonazepam,Drug,N/A,,,
895ae798-25af-4232-b4a1-942b11abd446,,CIEL:73624;SNOMED:387325003,,Clotrimazole,Clotrimazole,Drug,N/A,,,
1a785710-08a7-4798-b122-4c88d2a98b53,,SNOMED:5797005,,Clotrimazole & Lignocaine,Clotrimazole et lignocaïne,Drug,N/A,,,
ebfa6b78-15c2-4343-a240-31f9fce66723,,UNK:5799429542,,Clotrimazole Otic,Clotrimazole otic,Drug,N/A,,,
cbbde229-f044-43ae-9a34-504fb77ce42f,,SNOMED:256018002,,Clove Oil,Huile de clou de girofle,Drug,N/A,,,
1b535529-68fb-4bb5-bb5a-202ec74efb1d,,CIEL:73628;SNOMED:373276005,,Cloxacillin,Cloxacilline,Drug,N/A,,,
62f52893-4ec1-4de6-8585-92da6d917579,,CIEL:73671;SNOMED:261000,,Codeine Phosphate,Phosphate de codéine,Drug,N/A,,,
55e6671b-f5c3-4699-8b76-a7f59701d35b,,CIEL:105281;SNOMED:777642002,,Co-trimoxazole,Co-trimoxazole,Drug,N/A,,,
990f8299-6f88-49bc-af49-9fa3944d0fc1,,SNOMED:60468008,,Cremaffin,Cremaffin,Drug,N/A,,,
8ebd43a6-fc66-4c00-a0de-108c6acd5721,,CIEL:74123;SNOMED:387282000,,Cycloserine,Cyclosérine,Drug,N/A,,,
e4a0426a-4235-416d-8089-84ae113808d6,,CIEL:74609;SNOMED:372584003,,Dexamethasone,Dexaméthasone,Drug,N/A,,,
49be9771-c89d-4b0d-a03c-ecd6283f0caa,,SNOMED:67079006,,Dextrose,Dextrose,Drug,N/A,,,
8f29cfad-b34f-463b-b4f8-9ea56e4ea9d3,,SNOMED:776124000,,Dextrose & Normal Saline (DNS),Dextrose & Chlorure de sodium (DNS),Drug,N/A,,,
eab2bb93-b2d1-42ef-817e-1b47d79d76db,,CIEL:74745;SNOMED:387264003,,Diazepam,Diazépam,Drug,N/A,,,
391d02a4-2640-4d7b-900f-f74de8e1b6ed,,CIEL:74778;SNOMED:7034005,,Diclofenac,Diclofénac,Drug,N/A,,,
392ff197-bcb2-44f3-933c-6e8ecb3d926e,,CIEL:74803;SNOMED:372732007,,Dicyclomine,Dicyclomine,Drug,N/A,,,
39e70f10-d942-4e2e-b976-28a629d6740b,,CIEL:74820;SNOMED:387340001,,Diethylcarbamazine,Diéthylcarbamazine,Drug,N/A,,,
72005c75-6d84-468e-a28e-43ca17a7216a,,CIEL:74860;SNOMED:387461009,,Digoxin,Digoxine,Drug,N/A,,,
0948a889-1da2-44a2-9e30-51c38874a65d,,CIEL:168007;SNOMED:373762005,,Disodium Hydrogen Citrate,Hydrogéno-citrate disodique,Drug,N/A,,,
b68192db-fc09-445f-9232-0ba54858e41d,,CIEL:75161;SNOMED:387181004,,Domperidone,Dompéridone,Drug,N/A,,,
f1e6e3c0-acf9-478a-b69e-94cf54a0d45b,,CIEL:75177;SNOMED:412383006,,Dopamine,Dopamine,Drug,N/A,,,
b571adbe-388f-4219-be01-343738d3ed80,,CIEL:75222;SNOMED:372478003,,Doxycycline,Doxycycline,Drug,N/A,,,
b0f52c38-db23-467d-ad8b-03ea995d3a69,,CIEL:75563;SNOMED:410843003,,Eletriptan,Elétriptan,Drug,N/A,,,
d612ddcc-9d3b-4489-97e1-22893c9735df,,CIEL:75633;SNOMED:372658000,,Enalapril,Enalapril,Drug,N/A,,,
e5c615d2-e6d6-463f-945b-92afb28e027f,,CIEL:75952;SNOMED:396048008,,Ethamsylate,Ethamsylate,Drug,N/A,,,
706797d0-635b-44d3-a46c-ddbe0d8483c1,,CIEL:75976;SNOMED:32800009,,Ethionamide,Ethionamide,Drug,N/A,,,
7f097fc4-be12-4916-99e5-4ebdc8abe832,,SNOMED:1230121009,,Etophylline & Theophylline,Etophylline et theophylline,Drug,N/A,,,
1952c13e-d829-4450-a605-828a1bd6c11e,,CIEL:76178;SNOMED:387211002,,Famotidine,Famotidine,Drug,N/A,,,
e2650794-cf62-4a1a-a678-0bcc3bf21323,,CIEL:76376;SNOMED:386963006,,Finasteride,Finastéride,Drug,N/A,,,
32d6f1a8-7a0d-46f7-845a-84e3a27e686e,,CIEL:76488;SNOMED:387174006,,Fluconazole,Fluconazole,Drug,N/A,,,
ce9896a2-de40-4b8e-88fb-e6477eb27f18,,CIEL:76552;SNOMED:372767007,,Fluoxetine,Fluoxétine,Drug,N/A,,,
9486be67-f05f-44a3-8962-0746f0904f1b,,CIEL:76613;SNOMED:63718003,,Folic Acid,Acide folique,Drug,N/A,,,
a82fd4d8-1898-4aa3-86dd-5a0c09381a3f,,CIEL:76734;SNOMED:387475002,,Frusemide,Frusémide,Drug,N/A,,,
81e598ec-f743-409e-8e35-1a682339042d,,SNOMED:87395005,,Frusemide & Amiloride,Frusémide et amiloride,Drug,N/A,,,
9f6c3927-2a31-485c-8735-f10b9951aef9,,CIEL:76734;SNOMED:387475002,,Furosemide,Furosémide,Drug,N/A,,,
cb8b19e0-efae-44a2-923f-c65a08595cbf,,CIEL:104694;SNOMED:776055009,,Furosemide & Spironolactone,Furosémide et spironolactone,Drug,N/A,,,
41bf087e-6031-4735-a310-7d6232f2b027,,CIEL:76739;SNOMED:387530003,,Fusidic Acid,Acide fusidique,Drug,N/A,,,
0c0563de-cd06-49de-8b31-af79d668b81b,,CIEL:76750;SNOMED:386845007,,Gabapentin,Gabapentine,Drug,N/A,,,
f59f2ffe-18b9-4534-b15b-9e8f4ef41bbd,,SNOMED:333179001,,Gamma Benzene Hexachloride & Cetrimide,Hexachlorures de benzene gamma et cétrimide,Drug,N/A,,,
1b6b830c-068d-460d-8411-c42ffe7b0331,,CIEL:100;SNOMED:776094005,,Gentamycin,Gentamycine,Drug,N/A,,,
c30f5267-e067-4e01-9b88-8f4ee5c7c069,,CIEL:76948;SNOMED:387239001,,Gentian Violet,Violet de gentiane,Drug,N/A,,,
e94c6d4c-589d-46c5-a971-99070df288a8,,CIEL:77031;SNOMED:386966003,,Glimepiride,Glimépiride,Drug,N/A,,,
6b90f8e8-2406-45f0-bec4-19d65477147f,,SNOMED:430038002,,Glycerine & Sodium Chloride Enema,Lavement glycerine et chlorure de sodium,Drug,N/A,,,
604fc052-da3e-4032-aeb8-3f88a8041448,,SNOMED:387404004,,Glyceryl Trinitrate,Trinitrate de glycéryle,Drug,N/A,,,
5831575c-89a8-45d5-a02e-ac194d70c064,,CIEL:77335;SNOMED:386837002,,Haloperidol,Halopéridol,Drug,N/A,,,
8df288a5-9288-4ded-a862-ffb1ed062a12,,CIEL:77696;SNOMED:387525002,,Hydrochlorothiazide,Hydrochlorothiazide,Drug,N/A,,,
a2956625-0a07-48b7-9344-3cb707dcd542,,CIEL:77714;SNOMED:396458002,,Hydrocortisone,Hydrocortisone,Drug,N/A,,,
fd8e84b9-be65-4a8f-b5e1-1b0f80a09035,,CIEL:313;SNOMED:387171003,,Hydrogen Peroxide,Peroxyde d'hydrogene,Drug,N/A,,,
44dbd31a-7c2d-422d-b584-004532e4aaff,,CIEL:431;SNOMED:395739004,,Hyoscine Butylbromide,Butylbromure d'hyoscine,Drug,N/A,,,
ff5cdb18-0258-4467-bf1f-35c7b6339767,,CIEL:77897;SNOMED:387207008,,Ibuprofen,Ibuprofene,Drug,N/A,,,
46a9fa37-d6f2-4f72-8a16-c1a76008f508,,SNOMED:1172855009,,Ibuprofen & Paracetamol,Ibuprofene et paracétamol,Drug,N/A,,,
1550184e-b01e-487e-98e6-6be5affdd67d,,CIEL:78010;SNOMED:373513008,,Indomethacin,Indométhacine,Drug,N/A,,,
aee5f376-e00c-46f3-83ef-3759e54f85a1,,CIEL:78056;SNOMED:67866001,,Insulin,Insuline,Drug,N/A,,,
3fce12df-5872-4466-841c-2ec8e195733b,,CIEL:78199;SNOMED:372518007,,Ipratropium,Ipratropium,Drug,N/A,,,
d5a8fc85-6ee9-4983-a056-f4d3449f6af8,,CIEL:78200;SNOMED:386881005,,Ipratropium Bromide,Bromure d'ipratropium,Drug,N/A,,,
c65d61af-b804-4a17-8f6b-b6d758fcf75a,,CIEL:78306;SNOMED:386854005,,Isosorbide Mononitrate,Mononitrate d'isosorbide,Drug,N/A,,,
b4f9dd7f-4718-47ab-8697-9ce41548452e,,CIEL:78342;SNOMED:387559003,,Ivermectin,Ivermectine,Drug,N/A,,,
bc2a1619-fd05-479e-a122-5de978ef114d,,CIEL:78467;SNOMED:373464007,,Ketamine,Kétamine,Drug,N/A,,,
73e9e187-7164-4e0a-bb36-0a7178406288,,CIEL:78476;SNOMED:387216007,,Ketoconazole,Kétoconazole,Drug,N/A,,,
b24cc360-c046-44cf-a6be-e4aeb385992e,,CIEL:78632;SNOMED:273945008,,Lactulose,Lactulose,Drug,N/A,,,
98dbb9b2-9859-4b68-b08a-78f88f629d40,,CIEL:78788;SNOMED:387552007,,Levofloxacin,Lévofloxacine,Drug,N/A,,,
9ee39084-8962-48d8-bb31-fb89337e8bce,,UNK:8134868829,,Levonorgestrel & Ethinylestradiol,Lévonorgestrel et éthinyl estradiol,Drug,N/A,,,
e61d0a67-a5a6-44e7-8907-6a82d765ca1f,,SNOMED:710809001,,Levothyroxine,Lévothyroxine,Drug,N/A,,,
7eb9a61f-a390-4bc4-bc07-c5b1520d3cb4,,CIEL:78849,,Lignocaine,Lignocaïne,Drug,N/A,,,
c38432d2-3b74-4431-8b60-12a6b053394b,,SNOMED:775788003,,Lignocaine & Adrenaline,Lignocaïne et adrénaline,Drug,N/A,,,
502a66e9-2eb3-4e13-926f-57fe9d393a94,,CIEL:79074;SNOMED:373567002,,Losartan,Losartan,Drug,N/A,,,
0bdba7cc-fcd1-41e1-8f79-6407d2835a78,,CIEL:79224;SNOMED:72717003,,Magnesium,Magnésium,Drug,N/A,,,
00fe2104-f143-4250-ab30-d22ca130e685,,CIEL:79303;SNOMED:387168006,,Mannitol,Mannitol,Drug,N/A,,,
00e041c7-1731-4d0f-bf0d-980192ad38c1,,CIEL:79494;SNOMED:126113007,,Medroxyprogesterone,Médroxyprogestérone,Drug,N/A,,,
fcac77cf-fd5d-4083-9426-1591531bdb84,,CIEL:907;SNOMED:126112002,,Medroxyprogesterone Acetate,Acétate de médroxyprogestérone,Drug,N/A,,,
017dcf18-5ba3-4aac-b12a-27a5df1ffee5,,CIEL:79700;SNOMED:387381009,,Methotrexate,Méthotrexate,Drug,N/A,,,
79ae8e90-0903-41fd-a727-deca362b1d2e,,SNOMED:126074008,,Methylergometrine,Méthylergométrine,Drug,N/A,,,
fa2a3b41-e500-45cd-8f93-e7d77d5db398,,CIEL:79755;SNOMED:372776000,,Metoclopramide,Métoclopramide,Drug,N/A,,,
c929e588-db44-4d91-8040-d82cd21744d1,,SNOMED:775602008,,Metronidazole & Diloxanide,Métronidazole et diloxanide,Drug,N/A,,,
75fd74ef-1b85-4fac-9a44-b56eb5c2b2a3,,SNOMED:1173072007,,"Metronidazole, Chlorhexidine, Lignocaine & Menthol","Métronidazole, chlorhéxidine, lignocaïne et menthol",Drug,N/A,,,
75354dd0-4650-438e-a819-b1bee23e0f0e,,CIEL:79853;SNOMED:373476007,,Midazolam,Midazolam,Drug,N/A,,,
62000346-9e4b-4462-bd36-561804ad10ad,,SNOMED:129483007,,Mifepristone & Misoprostol,Mifepristone et misoprostol,Drug,N/A,,,
75523cab-d099-40a9-aaed-8ac097d88014,,CIEL:162488;SNOMED:713642004,,Miltefosine,Miltefosine,Drug,N/A,,,
30754108-af96-41aa-adee-2b6556bc48f3,,CIEL:79982;SNOMED:386847004,,Mirtazapine,Mirtazapine,Drug,N/A,,,
eb3c251d-b345-4517-9438-8ffb9336ebc9,,CIEL:79984;SNOMED:387242007,,Misoprostol,Misoprostol,Drug,N/A,,,
9c2f2f22-6e7a-464e-a8ca-129bc1fdf4b5,,CIEL:80106;SNOMED:373529000,,Morphine,Morphine,Drug,N/A,,,
77a46432-ce20-4aab-96dc-6a12feac08b4,,CIEL:80367;SNOMED:372890007,,Naloxone,Naloxone,Drug,N/A,,,
a1b11bd9-f344-432a-877e-c12784c1acc1,,SNOMED:774729001,,Neomycin & Polymyxin B & Bacitracin Zinc,"Néomycine, polymyxine B et bacitracine-zinc",Drug,N/A,,,
251a17f9-c229-4aee-9555-9bf7620b2a5a,,CIEL:80637;SNOMED:387490003,,Nifedipine,Nifédipine,Drug,N/A,,,
e678879b-630d-441c-aa5e-e93f6eff038f,,CIEL:80665;SNOMED:703479000,,Nimesulide,Nimesulide,Drug,N/A,,,
64d72b1f-2585-48e2-b66a-0da320d068da,,CIEL:80696;SNOMED:373543005,,Nitrofurantoin,Nitrofurantoïne,Drug,N/A,,,
cc4a27b0-78cb-4d3d-9c85-51f4a06d1f4a,,CIEL:80804;SNOMED:373757009,,Normal Saline (NS),Solution physiologique salée (NS),Drug,N/A,,,
3bb1e50f-7d8e-440e-8bc9-9736d147a5bd,,CIEL:81022;SNOMED:387551000,,Ofloxacin,Ofloxacine,Drug,N/A,,,
df3f7c1f-dac8-429b-ba38-90d770c1253c,,CIEL:81041;SNOMED:387137007,,Omeprazole,Omeprazole,Drug,N/A,,,
c1c56699-79cd-4d37-9cbd-6166430b7948,,CIEL:81073;SNOMED:372487007,,Ondansetron,Ondansétron,Drug,N/A,,,
4f4a63d6-b45c-48fa-9382-d35b6ea20c87,,UNK:6239320561,,Oral Hormonal Contraceptive Pills,Contraceptifs hormonaux oraux,Drug,N/A,,,
98764756-01cd-4a55-a339-b33ab13c4b46,,SNOMED:1204308002,,Oral Rehydration Solution (ORS),Solution de réhydratation orale (ORS),Drug,N/A,,,
e16636a1-5350-40b3-9a42-a806996687e0,,CIEL:81345;SNOMED:387158001,,Oxymetazoline,Oxymétazoline,Drug,N/A,,,
2a301cf3-7a51-487d-8a07-5f9db3baafd7,,CIEL:81369;SNOMED:112115002,,Oxytocin,Ocytocine,Drug,N/A,,,
2ba5c05a-357c-4469-b83b-2b8d30ca126c,,SNOMED:67079006,,P Dextrose And Electrolyte Solution,Solution de dextrose P et electrolytes,Drug,N/A,,,
b3ed709f-f800-4ea9-bbba-f52c69ef0d86,,CIEL:81551;SNOMED:395821003,,Pantoprazole,Pantoprazole,Drug,N/A,,,
2f24dfb3-a88d-435f-989d-12673a2a005b,,SNOMED:775360007,,Paracetamol & Codeine Phosphate,Paracétamol et phosphate de codeine,Drug,N/A,,,
8686e582-0eff-45d6-bd70-a75f3478d338,,UNK:7022708950,,Paracetamol Paediatric,Paracétamol pédiatrique,Drug,N/A,,,
214ebdfb-2940-42f8-a5e6-e04c2455c1c5,,UNK:5633804033,,Paradichloro Benzene,Paradichlorobenzene,Drug,N/A,,,
9d7acd58-f181-4be0-9350-bcd152512451,,SNOMED:65020006,,"Paradichlorobenzene, Benzocaine, Chlorbutol & Turpentine Oil","Paradichlorobenzene, benzocaine, chlorbutol et huile de térébenthine",Drug,N/A,,,
ec1d2aab-f420-4442-94cc-425158e6d6e5,,CIEL:81944;SNOMED:373500002,,Pheniramine,Phéniramine,Drug,N/A,,,
a83d9a71-15da-4b26-81e6-c7845e3f5986,,CIEL:81946;SNOMED:116546005,,Pheniramine Maleate,Maléate de pheniramine,Drug,N/A,,,
172ca645-fdf5-4b81-b521-ded7718a869f,,CIEL:81951;SNOMED:373505007,,Phenobarbitone,Phenobarbitone,Drug,N/A,,,
885e1f5c-ad78-4614-98a6-b03760030a11,,CIEL:82023;SNOMED:387220006,,Phenytoin,Phénytoïne,Drug,N/A,,,
818ef5bc-4455-4c4d-ba15-a9082ec416e9,,UNK:9592774940,,Pilex,Pilex,Drug,N/A,,,
bcd42942-6c33-4195-a857-e3b62da29711,,UNK:2756673768,,Polyvalent Anti Snake Serum,Antivenin de serpent polyvalent,Drug,N/A,,,
a5547d6c-7e42-4a50-94e2-8e6e73aa6afe,,CIEL:82350;SNOMED:8631001,,Potassium Chloride,Chlorure de potassium,Drug,N/A,,,
159bc783-b046-433f-93ef-9b33496f962e,,CIEL:82446;SNOMED:116601002,,Prednisolone,Prednisolone,Drug,N/A,,,
2e873fde-66b3-41b4-bdb7-1c29c8d5e1cf,,CIEL:82521;SNOMED:429663004,,Primaquine,Primaquine,Drug,N/A,,,
5ec1c55d-1874-4616-a950-585453a5b710,,CIEL:82576;SNOMED:22827004,,Prochlorperazine Maleate,Maléate de prochlorperazine,Drug,N/A,,,
983d2877-a259-4a77-8f0e-985e5b97fec7,,CIEL:82667;SNOMED:372871004,,Promethazine,Promethazine,Drug,N/A,,,
5dd2c915-f10d-4e97-945d-bd62d7eae63c,,CIEL:82670;SNOMED:14905007,,Promethazine Hydrochloride (HCl),Hydrochlorure de promethazine (HCl),Drug,N/A,,,
ed70dd9f-fa19-48e9-9218-ce2998c63c49,,CIEL:82726;SNOMED:387423006,,Propofol,Propofol,Drug,N/A,,,
062fc7f6-3d11-409a-96f7-a60cd8a71a36,,CIEL:82732;SNOMED:372772003,,Propranolol,Propranolol,Drug,N/A,,,
14f9dc07-8881-41fe-aee6-0f2ab502d0c3,,CIEL:82912;SNOMED:430469009,,Pyridoxine,Pyridoxine,Drug,N/A,,,
35191c44-1b60-4f6f-b378-d3bc34b83612,,CIEL:105232;SNOMED:777371007,,Pyrimethamine Sulfadoxine,Pyrimethamine et sulfadoxine,Drug,N/A,,,
a0660319-fed1-4830-ad75-4c9e02519fc5,,SNOMED:387013009,,Rabeprazole Sodium,Rabéprazole sodique,Drug,N/A,,,
4c187e9c-3623-4763-94b4-86426e6a447f,,CIEL:83075;SNOMED:372755005,,Ranitidine,Ranitidine,Drug,N/A,,,
54528cf8-0022-4f32-a038-cbb2d5965ae5,,CIEL:86339;SNOMED:82622003,,Vitamin A,Vitamine A,Drug,N/A,,,
b85c29f2-21fe-4384-ab1e-b98f35112702,,CIEL:83405;SNOMED:386840002,,Risperidone,Risperidone,Drug,N/A,,,
b368b7f7-f87b-4414-9537-1f6bee82e448,,UNK:4139701832,,Ringers Lactate (RL),Ringers lactate (RL),Drug,N/A,,,
9088359a-587f-4dbc-b13e-b3c38a07cd85,,CIEL:798;SNOMED:372897005,,Salbutamol,Salbutamol,Drug,N/A,,,
1dd509c8-b38b-4e7e-abde-8fc87652efc5,,SNOMED:91143003,,Salbutamol & Bromhexine,Salbutamol et bromhexine,Drug,N/A,,,
702e6e2b-6098-4b48-9398-897faffe9e66,,SNOMED:373757009,,Saline,Saline,Drug,N/A,,,
26eafc63-b224-4b57-afb9-55c7c4a7686e,,SNOMED:387112002,,Silver Sulphadiazene,Sulphadiazene argentique,Drug,N/A,,,
c5d5c9ba-02fe-4c57-ad35-db23e8138561,,CIEL:84114;SNOMED:387481005,,Sodium Valproate,Valproate sodique,Drug,N/A,,,
faf8d008-954e-4257-a042-8a19bb2835d6,,SNOMED:387367007,,Soluzinc,Soluzinc,Drug,N/A,,,
d4c72168-24b0-4d22-ba60-848e7c146333,,CIEL:84239;SNOMED:387078006,,Spironolactone,Spironolactone,Drug,N/A,,,
becdbefb-d88b-4a21-affa-46a2c5dbdbdb,,CIEL:105281;SNOMED:777642002,,Sulfamethoxazole & Trimethoprim,Sulfaméthoxazole et triméthoprime,Drug,N/A,,,
7d576a6f-1755-44f5-8fd6-2b3a848c6bb5,,CIEL:84877;SNOMED:427004002,,Tetanus Antitoxin,Antitoxine tétanique,Drug,N/A,,,
f97877a1-a7c1-4965-9c49-8cd5ad0c0a70,,SNOMED:425682001,,Tetanus Immunoglobulin,Immunoglobuline tétanique,Drug,N/A,,,
70197a8d-7242-4c27-8ece-9daf294d01d7,,CIEL:84879;SNOMED:2021000221101,,Tetanus Toxoid,Anatoxine tétanique,Drug,N/A,,,
98b66058-5de5-4a1e-85ef-ec981bee6ad3,,SNOMED:372809001,,Tetracycline Ophtalmic,Tétracycline opthalmique,Drug,N/A,,,
49abc01a-a419-4941-9d9b-8c6eacc105b0,,CIEL:85151;SNOMED:395907001,,Tinidazole,Tinidazole,Drug,N/A,,,
5d750d5c-8d7f-4917-a4db-42a252f1f42a,,CIEL:85178;SNOMED:373440006,,Tizanidine,Tizanidine,Drug,N/A,,,
34daf0c8-739f-4649-9d96-b45a32a233d6,,CIEL:85275;SNOMED:386858008,,Tramadol,Tramadol,Drug,N/A,,,
c6557538-cc7e-4ca8-bfeb-80ff5c4f4976,,CIEL:85286;SNOMED:386960009,,Tranexamic Acid,Acide tranéxamique,Drug,N/A,,,
89c0742a-477b-4292-bf7d-b9e57aa002f0,,CIEL:85356;SNOMED:116594009,,Triamcinolone,Triamcinolone,Drug,N/A,,,
ace96e9a-ad72-49bc-a662-49f9b143f05c,,CIEL:85463;SNOMED:387120000,,Trihexyphenidyl,Trihexyphénidyl,Drug,N/A,,,
2e5adbd4-8ddf-4848-ade4-ebd8d16e9c3f,,CIEL:85622;SNOMED:70841003,,Trypsin Chymotrypsin,Trypsine et chymotrysine,Drug,N/A,,,
0a3353a4-ddf7-4a65-b882-3da94520c565,,SNOMED:108731003,,Tuberculin Purified Protein Derivative (PPD),Tuberculine (PPD),Drug,N/A,,,
ffa61758-5521-463b-a8a6-ca074f407fd2,,CIEL:86052;SNOMED:387080000,,Valproic Acid,Acide valproïque,Drug,N/A,,,
040cf656-a2ac-4807-923f-a35eec824f0f,,CIEL:86176;SNOMED:372754009,,Verapamil,Vérapamil,Drug,N/A,,,
836b7f4c-9e3c-4a53-bb08-ab8990b5b9d8,,CIEL:86341;SNOMED:768761005,,Vitamin B Complex,Complexe de vitamines B,Drug,N/A,,,
62f323dd-2a15-43b3-a633-08114aa4984d,,CIEL:86352;SNOMED:65183007,,Vitamin K,Vitamine K,Drug,N/A,,,
5e97fe35-58df-4925-bba7-7c49d75268a1,,CIEL:86415;SNOMED:372756006,,Warfarin,Warfarine,Drug,N/A,,,
e3d3ea1c-4e80-49d6-8e0c-57680f0139d5,,CIEL:86688;SNOMED:387367007,,Zinc Sulphate,Sulphate de zinc,Drug,N/A,,,
095d1d67-1f62-4731-aa4e-a76bb77f2fa9,,CIEL:79691;SNOMED:37656002,,Methimazole,Méthimazole,Drug,N/A,,,
3440c780-b5ff-4b47-82e2-e0b8fc16bc89,,CIEL:70116;SNOMED:387517004,,Acetaminophen,Acétaminophene,Drug,N/A,,,
e770a760-5e8b-42d8-939f-c7b12ea3754f,,UNK:3905069854,,Multi-Vitamin Adult,Multi-vitamines adulte,Drug,N/A,,,
8a52cbaf-7303-44a8-ba47-976c4104f9d7,,SNOMED:412250002,,Multi-Vitamin Children,Multi-vitamines enfants,Drug,N/A,,,
564a7a84-148f-4814-a520-d0351dbea6dc,,UNK:6661447776,,Multi-Vitamin Prenatal,Multi-vitamines prénatal,Drug,N/A,,,
1e10d8c9-36f0-4d6b-8ff6-7a453876d512,,CIEL:71652;SNOMED:387506000,,Tenormin,Tenormin,Drug,N/A,,,
fe5a3fbb-4a2d-4ca0-9eda-737e17d96f52,,CIEL:78945;SNOMED:386873009,,Lisinopril,Lisinopril,Drug,N/A,,,
72c81a79-f281-40ac-a54c-bed78c89e385,,CIEL:73048;SNOMED:116081000,,Celecoxib,Célécoxib,Drug,N/A,,,
f381801c-7c75-4ab9-bdfe-3caa07175dfc,,CIEL:72660;SNOMED:387307005,,Calcium Carbonate,Carbonate de calcium,Drug,N/A,,,
da550975-a6c3-47f2-b568-1e2e749644c7,,SNOMED:387143009,,Glipizide Er,Glipizide Er,Drug,N/A,,,
2dc41359-1deb-4a83-b5ae-82c7df066bb4,,CIEL:71812;SNOMED:5220000,,Bacitracin,Bacitracine,Drug,N/A,,,
984a9a0b-13f6-4bb4-b55d-c51d5ce225c9,,CIEL:80945;SNOMED:387048002,,Nystatin,Nystatine,Drug,N/A,,,
0f5a1ae5-e52f-4252-96c4-895487daa4ff,,CIEL:86028;SNOMED:96098007,,Valacyclovir,Valacyclovir,Drug,N/A,,,
18e51e1e-544c-4716-a87b-79748cb46229,,UNK:6787400172,,Gamma-Hexachlorocyclohexane,Gamma-hexachlorocyclohexane,Drug,N/A,,,
43338e03-ed88-43c9-af23-995d91b94c0d,,UNK:8547906237,,Amoxicillin & Clauvulanate,Amoxicilline et clauvulanate,Drug,N/A,,,
3c1e94bf-2892-461c-8d95-32bd533802a6,,CIEL:73043;SNOMED:372833007,,Cefuroxime,Céfuroxime,Drug,N/A,,,
0fef4696-0ca0-4d5d-9fd2-69735171412f,,UNK:4218633819,,Atovaquone & Proquanil,Atovaquone et proquanil,Drug,N/A,,,
c5a918a7-e968-4836-b8c3-15f7e1b22373,,CIEL:104676;SNOMED:776017004,,Fluticasone & Salmeterol,Fluticasone et salmeterol,Drug,N/A,,,
04cda318-f9d2-4c09-bf27-8597b9bbdc68,,CIEL:103955;SNOMED:774925003,,Budesonide & Formoterol,Budésonide et formotérol,Drug,N/A,,,
39aee96f-314c-4535-a249-171b4191b70f,,SNOMED:776019001,,Fluticasone Furoate & Vilanterol,Furoate de fluticasone et vilanterol,Drug,N/A,,,
6ad5a53a-4d46-475e-9de9-d16a4ee9bbfe,,CIEL:85157;SNOMED:409169006,,Tiotropium,Tiotropium,Drug,N/A,,,
7e31f224-d756-41e6-9fd0-eb5ce3985460,,CIEL:72484;SNOMED:395726003,,Budesonide,Budésonide,Drug,N/A,,,
445f380a-f693-4100-9c9a-e43b73635039,,CIEL:70460;SNOMED:372897005,,Albuterol,Albutérol,Drug,N/A,,,
55db5ea6-2a10-4782-acbf-6971017de4b6,,CIEL:78752;SNOMED:116090007,,Levabuterol,Levabutérol,Drug,N/A,,,
5a26faba-ca4c-458c-9f41-2a75e242694e,,SNOMED:8030004,,Polyethylene Glycol,Polyéthylene glycol,Drug,N/A,,,
1a88b47f-b42f-414c-a159-c0261634441d,,CIEL:75121;SNOMED:387088007,,Docusate Sodium,Docusate de sodium,Drug,N/A,,,
e0e07cd2-9da6-492f-bbfa-8599e87ad9a4,,SNOMED:387162007,,Senna,Séné,Drug,N/A,,,
2950f6c0-e75a-458e-9585-4096b9c759bf,,CIEL:79053;SNOMED:386884002,,Loratadine,Loratadine,Drug,N/A,,,
1d4d3f02-ccf9-4c9e-b321-486b75c50924,,CIEL:75015;SNOMED:372682005,,Diphenhydramine,Diphenhydramine,Drug,N/A,,,
8d27dba5-b2ee-4f02-acb7-49e63267cdfe,,CIEL:82453;SNOMED:116602009,,Prednisone,Prednisone,Drug,N/A,,,
fefa8262-934f-49c5-827f-be9533a4cd94,,SNOMED:777074005,,Tramadol & Acetaminophen,Tramadol et acétaminophen,Drug,N/A,,,
85be45f9-2e97-4427-a1f8-0d3b830bef11,,UNK:0866135662,,"Peanut, Sugar, Vegetable oil, Milk, Vitamins, minerals","Peanut, Sugar, Vegetable oil, Milk, Vitamins, minerals",Drug,N/A,,,
4d159957-5f5c-444c-9637-8ab41e564f1f,,CIEL:74101;SNOMED:373779004,,Cyclobenzaprine,Cyclobenzaprine,Drug,N/A,,,
874d6f27-5c77-46fd-9d55-56e8880c9c03,,CIEL:75875;SNOMED:396047003,,Esomeprazole,Esoméprazole,Drug,N/A,,,
6315c226-01f6-4c59-9332-74f5347c3ef7,,CIEL:81834;SNOMED:410457007,,Permethrin,Perméthrine,Drug,N/A,,,
965b643b-c07e-4959-8476-172e4aa5c4f9,,SNOMED:372738006,,Miconozole,Miconozole,Drug,N/A,,,
af2ea7b7-e1f3-4e26-be0d-7d67242b8fd4,,SNOMED:387204001,,Tolnoftate,Tolnoftate,Drug,N/A,,,
4ceec0ac-5c27-4c46-bb21-73dde18d02bd,,CIEL:78849;SNOMED:387480006,,Lidocaine,Lidocaïne,Drug,N/A,,,
1b296ced-55cc-48b7-96c3-9447267d1302,,CIEL:72075;SNOMED:387263009,,Benzyl Benzoate,Benzoate de benzyl,Drug,N/A,,,
37466129-caab-4a63-b050-95f6d7024ef6,,CIEL:77071;SNOMED:384978002,,Glyburide,Glyburide,Drug,N/A,,,
73e70d41-9b9c-467d-b7a8-8ca548d34031,,CIEL:72987;SNOMED:387270009,,Cefaclor,Céfaclor,Drug,N/A,,,
fdb394d2-4ed8-4a8f-be4b-a37e3a783537,,CIEL:76174;SNOMED:387557001,,Famciclovir,Famciclovir,Drug,N/A,,,
42bd60df-ddbb-402e-afb0-55479036d9c2,,CIEL:79944;SNOMED:372653009,,Minocycline,Minocycline,Drug,N/A,,,
be063ef1-5a35-491c-b521-fd93bcad0117,,CIEL:73546;SNOMED:372786004,,Clindamycine,Clindamycine,Drug,N/A,,,
587a6e6e-3675-4c92-bac0-a5c99ce1425e,,SNOMED:775502001,,Tobramycin & Dexamethasone,Trobramycine & Dexaméthasone,Drug,N/A,,,
fb23af41-6811-4e45-b0ee-dc1c0e2239cb,,CIEL:79743;SNOMED:116593003,,Methylprednisolone,Méthylprednisolone,Drug,N/A,,,
17faad0f-246e-40fa-ba44-182e08ad51e5,,CIEL:84898;SNOMED:372673004,,Tetrahydrozoline,Tétrahydrozoline,Drug,N/A,,,
8f446491-b746-43ae-bb22-1511aa0c5e29,,CIEL:76355;SNOMED:372522002,,Fexofenadine,Fexofenadine,Drug,N/A,,,
0e35f48a-437d-4f32-8b83-bfb20c814457,,CIEL:77204;SNOMED:87174009,,Guaifenesin,Guaifénésine,Drug,N/A,,,
73e97253-5b15-4893-bd83-d4aca5f57eb7,,SNOMED:703922001,,Aclidinium Bromide,Bromure d'aclidinium,Drug,N/A,,,
dbd7f53b-ea41-4cdd-bfe1-32d47536b469,,SNOMED:774587000,,Amoxicillin & Clauvulanic Acid,Amoxicillin et acide clauvulanique,Drug,N/A,,,
5a2b62f9-6254-4ef1-925b-0224f8dfefb1,,SNOMED:774693003,,Atovaquone & Proquanil hydrochloride,Atovaquone et chlorihydrate de proquanil,Drug,N/A,,,
f5e348b5-ecd5-47cf-9a37-78e7ef08978d,,CIEL:72806;SNOMED:387160004,,Captopril,Captopril,Drug,N/A,,,
7c929bab-b652-4ef1-b0de-6d98c6cee180,,SNOMED:53136009,,Chloroquine phosphate,Phosphate de chloroquine,Drug,N/A,,,
213140e7-8ea5-467e-8915-014de88149b2,,SNOMED:411213001,,Corticosteroid,Corticostéroïdes,Drug,N/A,,,
8d26417d-5d45-4ca8-9d91-c18ae5792c8b,,SNOMED:373380003,,Emollient Lotion,Lotion émolliente,Drug,N/A,,,
bbd3baa3-64bc-443d-b794-d684b413d7dd,,CIEL:75843;SNOMED:10270000,,Erythromycin estolate,Estolate érythromycine,Drug,N/A,,,
d49e1658-7a16-41d2-8937-4c785a8f6d4b,,CIEL:76342;SNOMED:71724000,,Ferrous sulfate,Sulfate ferreux,Drug,N/A,,,
59c4799f-151b-4479-a9c8-a05a27893d29,,SNOMED:397192001,,Fluticasone spray,Fluticasone en vaporisateur,Drug,N/A,,,
3332a02d-c154-45e8-ae0a-b9d36c899770,,SNOMED:774416002,,Hydrocortisone & Acetic Acid,Hydrocortisone et acid acétique,Drug,N/A,,,
36b65481-8912-496e-b26a-10da10cd1d4e,,SNOMED:776388006,,Iptratropium bromide & albuterol,Bromure d'iptratropium et albuterol,Drug,N/A,,,
6a5c3069-492d-4aa3-99a1-93497fb3d1c9,,CIEL:78657;SNOMED:386888004,,Lansoprazole,Lansoprazole,Drug,N/A,,,
6ff87358-869f-4756-b74d-dda05de51848,,SNOMED:108419004,,Odansetron hydrochloride,Hydrochlorure d'odansetron,Drug,N/A,,,
28001e9e-9369-421a-8e01-f2d9d68f0784,,SNOMED:243222002,,Oral rehydration therapy,Thérapie de rehydration orale,Drug,N/A,,,
8540ed16-f5ba-4abb-b707-6abd20032a84,,CIEL:82734;SNOMED:65088001,,Propranolol hydrochloride,Hydrochlorure de propranolol,Drug,N/A,,,
f7977809-0fbe-47a4-8905-e375bcb31f3f,,UNK:5917933386,,Saline flush,Saline flush,Drug,N/A,,,
516e7c1e-9019-4c19-a853-862e4a8fd8c1,,CIEL:84453;SNOMED:372676007,,Sulfacetamide,Sulfacetamide,Drug,N/A,,,
33bf57ae-526a-469f-8e88-a2fd07bd9da9,,UNK:6238048436,,Tiotropium powder,Poudre de tiotropium,Drug,N/A,,,
e28a653a-d7fc-4158-989f-9515963ea3db,,CIEL:103772;SNOMED:774729001,,Triple antibiotic,Antibiotique triple,Drug,N/A,,,
70f0f39c-9a43-4902-9f56-d7f8007f5c6c,,SNOMED:50121007,,Eye glasses,Lunettes,Drug,N/A,,,
3fc18bdb-948e-4573-add5-37d75853daf6,,SNOMED:16349000,,Orthopedic device,Appareil orthopédique,Drug,N/A,,,
b88ca045-2707-4fff-b383-89840293334d,,UNK:9087356076,,Heatwrap,Heatwrap,Drug,N/A,,,
84bb5c70-878b-45c3-96e7-3282e4121e02,,SNOMED:373542000,,Alpha Methyl Dopa,Alpha Métyl Dopa,Drug,N/A,,,
07470e7f-f959-4344-89f6-8e6a0f442bef,,CIEL:71390;SNOMED:777153007,,Antipyrine,Antipyrine,Drug,N/A,,,
66de98f3-03e1-4733-9534-1f59dee19429,,SNOMED:372683000,,Apetamine,Apetamine,Drug,N/A,,,
a6ba4400-1db2-4d47-854f-3342204995ba,,CIEL:77675;SNOMED:387125005,,Apressoline,Apressoline,Drug,N/A,,,
ca2598c9-64d9-475a-b506-b6cc81741a61,,UNK:1948436920,,Bebe Sirop,Bébé Sirop,Drug,N/A,,,
7736310e-38d7-4a06-804b-086874b76876,,CIEL:72401;SNOMED:708561003,,Bromhexine,Bromhexine,Drug,N/A,,,
a4615855-e041-4352-baae-339940d274f7,,SNOMED:774587000,,Co-Amoxiclav,Co-Amoxiclav,Drug,N/A,,,
b50b13e1-4188-447d-8fbc-bd29fb91daa3,,UNK:9539832615,,Dolex,Dolex,Drug,N/A,,,
ec4cfcae-c438-48fb-b2e5-e696d7172270,,SNOMED:780831000,,Dypirone,Dypirone,Drug,N/A,,,
5f9d24b2-ac16-40eb-be4c-ab16af8f8faa,,CIEL:75805;SNOMED:395975005,,Ergotamine,Ergotamine,Drug,N/A,,,
d1274833-6c0e-480c-9c0a-b656156e6e7f,,SNOMED:775952002,,Ferrous Folate,Fer Folate,Drug,N/A,,,
f83db0a5-cf84-4d4e-a3bc-32eff500c578,,UNK:6344838614,,Fungobacter,Fongobacter,Drug,N/A,,,
e6701098-9f0e-41f9-9c9d-fcdb57715bef,,CIEL:77032;SNOMED:387143009,,Glipizide,Glipizide,Drug,N/A,,,
c1131909-2911-4aa2-8b6c-ae7927f0ee90,,CIEL:159458;SNOMED:384978002,,Glibenclamide,Glibenclamide,Drug,N/A,,,
c9c0c627-7ba6-4880-a702-cfc985a296fa,,SNOMED:372807004,,Griseofulvine,Griséofulvine,Drug,N/A,,,
7dc18dde-ad3f-405a-be1e-8fc15a01cd91,,CIEL:79764;SNOMED:372826007,,Metoprolol,Metoprolol,Drug,N/A,,,
b39478da-e45b-441d-9964-e552a2e1ac6f,,SNOMED:776775006,,Metronidazole and Nystatin,Metronidazole et Nystatin,Drug,N/A,,,
dee29eca-5758-4d7f-a98d-9a20551aaac3,,CIEL:80514;SNOMED:373528008,,Neomycin,Neomycine,Drug,N/A,,,
a86aa3b5-1e6e-4eb0-bc3c-e564d60eb490,,CIEL:103841;SNOMED:774795003,,Benzocaine-Chloroxylenol,Benzocaïne-chloroxylénol,Drug,N/A,,,
3fc5c46f-9c31-46ef-b96e-a12216f93a62,,CIEL:83925;SNOMED:387442005,,Simethicone,Siméthicone,Drug,N/A,,,
3cba8193-4ffd-4cc3-828b-3269da016da5,,CIEL:83936;SNOMED:387584000,,Simvastatin,Simvastatine,Drug,N/A,,,
0f57f6ea-d4bf-4291-98a0-81eacbb8b49f,,CIEL:84178;SNOMED:19839007,,Sorbitol,Sorbitol,Drug,N/A,,,
8836eada-b012-423d-bb77-e4da796f5885,,SNOMED:437867004,,"Acetaminophen,Pseudo-ephedrine,Dextrometorphan,Chlorpheniramine","Acétaminophene,pseudo-éphédrine,dextrométorphane,chlorphéniramine",Drug,N/A,,,
b7bab21f-5d84-4e48-b056-bdc25e696365,,SNOMED:787952005,,Vitamin C,Vitamine C,Drug,N/A,,,
e0cf9a43-ec8a-4b41-a856-688983c1a974,,SNOMED:52518006,,Amino Acids and Vitamins,Acides aminés et vitamines,Drug,N/A,,,
b2727136-70f5-470b-81a2-26aeff3f346f,,SNOMED:779205005,,"Levonorgestrel, Ethinylestradiol","Levonorgestrel, Ethinylestradiol",Drug,N/A,,,
71eb922d-5a51-415a-a838-8a815280abfa,,CIEL:78796;SNOMED:126109000,,Levonorgestrel,Levonorgestrel,Drug,N/A,,,
6533b40f-a783-435f-9c92-19d5e7343d98,,SNOMED:126112002,,Medroxyprojesterone acetate,Medroxyprojesterone acetate,Drug,N/A,,,
c103ec05-577d-4f64-85ec-54c361895198,,CIEL:1131;SNOMED:779197001,,"Rifampicine, Isoniazide, Ethambutol, pyrazinamide","Rifampicine, Isoniazide, Ethambutol, pyrazinamide",Drug,N/A,,,
606f9339-1430-4a00-8515-55095ef66c3b,,CIEL:1194;SNOMED:776414001,,"Rifampicine, Isoniazide","Rifampicine, Isoniazide",Drug,N/A,,,
7f27a5d2-cf2c-46da-a3c8-efaaa52c08e3,,UNK:9573221272,,Albendazole and Vitamin A Set,Albendazole en Vitamine A Set,MedSet,N/A,Albendazole;Vitamine A,,
03fd8509-dd26-4e5f-bb17-70b66dcb5ad4,,SNOMED:775177002,,Paracetamol & Chlorzoxasone,Paracetamol & Chlorzoxasone,Drug,N/A,,,
0aa49771-8ef2-49cb-aa5d-0e2c842a0a1b,,CIEL:83872;SNOMED:386842005,,Sevoflurane,Sevoflurane,Drug,N/A,,,
20cd9b9c-9821-43f9-b6e7-531796b7a624,,CIEL:84389;SNOMED:372724004,,Succinylcholine,Succinylcholine,Drug,N/A,,,
f296897c-9b91-41e7-9af0-46a3ac07b9ce,,CIEL:83475;SNOMED:372494005,,Rocuronium,Rocuronium,Drug,N/A,,,
1b5edd5a-bf63-4fdd-8913-bfbf107a19ab,,CIEL:86144;SNOMED:372883002,,Vecuronium,Vecuronium,Drug,N/A,,,
86852158-699f-4522-af42-205a9bc758ca,,CIEL:80532;SNOMED:373346001,,Neostigmine,Neostigmine,Drug,N/A,,,
12b05d95-1ff2-49bf-b09e-706681e2f2d0,,CIEL:76272;SNOMED:373492002,,Fentanyl,Fentanyl,Drug,N/A,,,
1f70df91-2f8e-4d68-a40f-a2a47a2c2761,,CIEL:85015;SNOMED:412605006,,Thiopental,Thiopental,Drug,N/A,,,
bc09e8b4-cd8f-4ffc-ae74-5db1d76aed11,,SNOMED:387150008,,Bupivacaine spinal heavy,Bupivacaine spinal heavy,Drug,N/A,,,
5c07fc3a-5bcd-4282-9717-f0a3fbfe6f7e,,CIEL:104584;SNOMED:775788003,,Lidocaine & Epinephrine,Lidocaine & Epinephrine,Drug,N/A,,,
8652f96c-4a08-4545-a466-42b485ea07b2,,UNK:6261765760,,Diphenidramine,Diphenidramine,Drug,N/A,,,
388ee6dc-41a5-478a-bc7c-2fdc9057ad23,,UNK:1738487742,,Complex B,Complex B,Drug,N/A,,,
ced8473f-fd48-4058-a44b-7d8fb1a28c31,,UNK:6251102900,,"Complex B (B1, B6, B12)","Complex B (B1, B6, B12)",Drug,N/A,,,
6ccf5902-c320-4367-88e4-211722dbfef8,,CIEL:461;SNOMED:412250002,,Multivitamin,Multivitamin,Drug,N/A,,,
82cc193d-f772-4868-9c7f-5260500c7540,,UNK:4340738022,,Multivitamin & Lysine,Multivitamin & Lysine,Drug,N/A,,,
a5f95187-9584-4bf6-abb7-536325edbca6,,CIEL:71589;SNOMED:43706004,,Ascorbic acid (Vit C),Ascorbic acid (Vit C),Drug,N/A,,,
f2bbf84c-646b-40a6-8265-6f6f9de694ab,,CIEL:86353;SNOMED:66656000,,Phytomenadione (Vit K),Phytomenadione (Vit K),Drug,N/A,,,
d58883a6-cd22-4d66-96dc-a2d3eace3d2e,,CIEL:82767;SNOMED:88878007,,Proteines,Protéines,Drug,N/A,,,
a7587ce7-f402-4ee3-b36b-4ab78d93d221,,CIEL:86672;SNOMED:86739005,,Zinc,Zinc,Drug,N/A,,,
d2b1ec52-b6e8-4646-be5b-6c5a850233b4,,CIEL:77413;SNOMED:372877000,,Heparin,Héparine,Drug,N/A,,,
cb8afacc-1b2c-493a-aad2-b67e69c73973,,CIEL:73602;SNOMED:386952008,,Clopidogrel,Clopidogrel,Drug,N/A,,,
4b0d1e15-abe9-4954-8a77-08c52f621a12,,CIEL:80704;SNOMED:387404004,,Nitroglycerin,Nitroglycérine,Drug,N/A,,,
24a723ac-3117-4772-aa2f-180bd7e2f026,,CIEL:71118;SNOMED:372821002,,Amiodarone,Amiodarone,Drug,N/A,,,
b78b18d6-b1ac-48dc-8111-5ab4ba588514,,CIEL:80704;SNOMED:387404004,,Nitroglycerin (Glycerine Trinitrate),Nitroglycérine (Glycerine Trinitrate),Drug,N/A,,,
91e206fa-fc82-43e1-a72b-dd1653b41428,,CIEL:78305;SNOMED:387332007,,Isosorbide dinitrate,Isosorbide dinitrate,Drug,N/A,,,
b87151c8-136b-4986-90bd-ca472176a08c,,CIEL:77675;SNOMED:387125005,,Hydralazine,Hydralazine,Drug,N/A,,,
2abaf024-1a07-4828-ad80-cff39e62c1f4,,CIEL:79723;SNOMED:373542000,,Methyldopa,Méthyldopa,Drug,N/A,,,
f9c6a3f8-a5d0-4034-ac77-e413c4b3c620,,CIEL:78599;SNOMED:372750000,,Labetalol,Labétalol,Drug,N/A,,,
428df146-4254-42d2-90cb-9a5d1bb95e3b,,CIEL:80598;SNOMED:372502001,,Nicardipine,Nicardipine,Drug,N/A,,,
2a1522a5-45f4-4cdd-ab7e-475724bdf32a,,SNOMED:387078006,,Sprironolactone,Sprironolactone,Drug,N/A,,,
0d935b47-6288-4856-b0b5-aa0f168dce69,,SNOMED:387490003,,Nifedepine SR,Nifédépine SR,Drug,N/A,,,
ba3cd2c4-d28f-4546-86d6-f6906fffc046,,CIEL:72944;SNOMED:386870007,,Carvedilol,Carvédilol,Drug,N/A,,,
8d8f4ed5-37b7-4eeb-b1d1-47ec84fedb18,,CIEL:79767;SNOMED:72770009,,Metoprolol tartrate,Métoprolol tartrate,Drug,N/A,,,
40e6108c-3561-4478-9df7-e5385277edd4,,SNOMED:372772003,,Propranalol,Propranalol,Drug,N/A,,,
94fad0f0-89b2-4489-9af0-043c4c40f529,,CIEL:81951;SNOMED:373505007,,Phenobarbital,Phénobarbital,Drug,N/A,,,
5b2fd057-c9f9-4603-b471-28b71c9ac864,,CIEL:82763;SNOMED:372630008,,Protamine,Protamine,Drug,N/A,,,
ddc56548-b688-4cd2-9402-0e2058407877,,CIEL:282;SNOMED:412222002,,Insulin regular,Insuline réguliere,Drug,N/A,,,
468716a5-6e90-42c1-b870-59ae0911875a,,SNOMED:66384003,,Insulin NPH,Insuline NPH,Drug,N/A,,,
6e1f9544-89f0-4fb4-a0b1-fa4d457da618,,CIEL:78056,,Insulin (Fast & Long Acting),Insuline (Action rapide et longue),Drug,N/A,,,
ce130684-6cc5-4495-8c9e-24997c4d897f,,SNOMED:52454007,,Albumin,Albumine,Drug,N/A,,,
2dbd29cf-a0bc-4bfc-bb20-95dfd8c05245,,CIEL:74653;SNOMED:372650007,,Dextran,Dextran,Drug,N/A,,,
02a15b77-9093-4265-b422-4c4b218fc489,,CIEL:84388;SNOMED:784335008,,Gelofusine,Gélofusine,Drug,N/A,,,
409beedf-4f72-4f1c-9478-908917c11a8f,,CIEL:72662;SNOMED:387377009,,Calcium chloride,Chlorure de calcium,Drug,N/A,,,
800bb234-aabc-449c-ad8e-7510446dc1b1,,CIEL:84041;SNOMED:387319002,,Sodium bicarbonate,Bicarbonate de soude,Drug,N/A,,,
861a302b-cb47-4fc4-82ac-65ba4e971ff9,,SNOMED:774510005,,Aluminum & Magnesium hydroxide & Simethicone,Simethicone et hydroxide de magnesium et aluminium,Drug,N/A,,,
93c9e6d7-71f0-4817-8e64-1c12469cff4c,,CIEL:72223;SNOMED:387075009,,Bisacodyl,Bisacodyl,Drug,N/A,,,
ecff0e05-2d5d-40b8-8112-22ee733b17a1,,CIEL:84090;SNOMED:116124008,,Sodium phosphate (Fleet's),Phosphate de sodium (Fleet's),Drug,N/A,,,
2f427b27-c1ba-43e8-a3e1-bda24d9ec103,,UNK:7598549181,,"Nitrofurasone, Neomycin, Dexamethasone (Otofuran®)","Nitrofurasone, Neomycin, Dexamethasone (Otofuran®)",Drug,N/A,,,
c2d40d92-735f-42fe-88e2-be50a53c8f97,,CIEL:78677;SNOMED:386926002,,Latanoprost,Latanoprost,Drug,N/A,,,
6f53a9b8-b484-4899-a020-033500546631,,SNOMED:373548001,,Trobramycin,Trobramycine,Drug,N/A,,,
cecfff9f-6e73-4c65-b4a2-43883973b0c5,,CIEL:78481;SNOMED:372501008,,Ketorolac,Kétorolac,Drug,N/A,,,
4bfe538d-32d9-40bc-84de-ff5dc043a301,,CIEL:84063;SNOMED:387578003,,Sodium hyaluronate,Hyaluronate de sodium,Drug,N/A,,,
56b34ea9-95f6-42ea-a582-fc513494602e,,CIEL:84893;SNOMED:372809001,,Tetracycline,Tétracycline,Drug,N/A,,,
23df848e-435a-4f8a-b6bc-27235b98e018,,CIEL:85132;SNOMED:372880004,,Timolol,Timolol,Drug,N/A,,,
e5a0d185-4c6a-42c8-a21e-e7436720d03c,,SNOMED:29129004,,Sodium hyaluronate & Oxymetazoline,Hyaluronate de sodium & Oxymetazoline,Drug,N/A,,,
8ebe6adf-72e3-495e-860f-c4a71ffc8016,,CIEL:84047;SNOMED:387390002,,Sodium chloride,Chlorure de sodium,Drug,N/A,,,
3ea490ec-60e1-446e-83ca-6f5d1da8c2e6,,CIEL:72343;SNOMED:386924004,,Brimonidine tartrate,Tartrate de brimonidine,Drug,N/A,,,
b39042a0-345a-478c-8f8c-91286aa066d6,,CIEL:72138;SNOMED:409276006,,Betaxolol,Bétaxolol,Drug,N/A,,,
04c434fc-ab58-4a4f-84c5-18e6eaa08646,,CIEL:103930;SNOMED:774910003,,Brimonidine & timolol,Brimonidine & timolol,Drug,N/A,,,
3d0fed4d-1fd4-44a4-99fd-d59401067134,,SNOMED:775692002,,Dorzolamine & timolol,Dorzolamine & timolol,Drug,N/A,,,
975c29db-ab3a-4c08-a3fb-829f79a6a7e8,,CIEL:82082;SNOMED:372895002,,Pilocarpine,Pilocarpine,Drug,N/A,,,
32ed8cb1-bc73-44aa-934d-bf7626154af8,,CIEL:74117;SNOMED:372869004,,Cyclopentolate,Cyclopentolate,Drug,N/A,,,
c5e3d595-76ae-4bf0-81d2-b3db54c36e6b,,SNOMED:373465008,,Propacaine,Propacaine,Drug,N/A,,,
8d6744e1-4607-4cef-abd6-0827113e9cbe,,CIEL:81996;SNOMED:372771005,,Phenylephrine,Phenylephrine,Drug,N/A,,,
e1b3ec78-175f-449b-a689-250641da6a05,,SNOMED:776388006,,Salbutamol & Iprotopium bromide,Salbutamol & bromure de Iprotopium,Drug,N/A,,,
b2841832-add7-4c6d-aa6e-425b97bb717d,,CIEL:70468,,Alcohol,Alcohol,Drug,N/A,,,
66010c7d-dd21-4f83-b950-e2fff1ff6a73,,CIEL:73263;SNOMED:373568007,,Chlorhexidine,Chlorhexidine,Drug,N/A,,,
cee47202-131e-46b9-8d23-3321cc03f750,,UNK:6326579762,,Eucerin,Eucerin,Drug,N/A,,,
f3ea42fb-f51f-4083-8b63-d787f8e991c5,,CIEL:105161;SNOMED:31872002,,Phenylephrine & pramoxine,Phenylephrine & pramoxine,Drug,N/A,,,
73bbac06-6b84-4d1c-b961-9fd6437ba89f,,SNOMED:111089004,,Mineral oil,Huile minérale,Drug,N/A,,,
dd850b07-d068-441b-a4e9-a806b4f8f004,,SNOMED:370330005,,Neomycin & Bacitracin,Néomycine & Bacitracine,Drug,N/A,,,
5b1d3ede-3a08-4939-9b37-887bb63f68f9,,SNOMED:4681002,,Permanganate potassium,Permanganate de potassium,Drug,N/A,,,
6985c680-2c42-440a-bbbf-bedeeefe71e7,,CIEL:81861;SNOMED:25307002,,Petrolatum,Pétrolatum,Drug,N/A,,,
f7ae1d83-7687-45da-8327-8bf5532618e9,,CIEL:82384;SNOMED:386989006,,Povidone iodine,Povidone iodine,Drug,N/A,,,
89e4c545-85af-4d9c-9e8c-c8e54f815cf0,,CIEL:83920;SNOMED:387112002,,Silver sulfadiazine,Sulfadiazine argentique,Drug,N/A,,,
407ff256-aa15-4dac-92c1-8173ba46232c,,SNOMED:75247008,,Benzathine penicillin,Benzathine pénicilline,Drug,N/A,,,
2bcf9bff-87d5-4abc-b95b-e212f6861dc5,,SNOMED:323389000,,Benzyl penicillin,Benzyl pénicilline,Drug,N/A,,,
aee293c2-1ca7-413e-b85a-50ae41bc5305,,SNOMED:387246005,,Benzyl penicillin Procaine,Benzyl pénicilline procaine,Drug,N/A,,,
1605530b-1d7a-4a66-bb68-9be3c40d0c74,,CIEL:73087;SNOMED:387304003,,Cefalexin,Céfalexine,Drug,N/A,,,
a93ad5bd-6f39-45d1-8fa7-d21c5bbc7ddd,,CIEL:73018;SNOMED:372704003,,Cefotaxime,Céfotaxime,Drug,N/A,,,
404e784f-e4d8-427d-ad64-196348672168,,CIEL:75842;SNOMED:372694001,,Erythromycin,Erythromycine,Drug,N/A,,,
9019b2e5-62fd-4238-b448-909a44f845ca,,CIEL:100;SNOMED:387321007,,Gentamicin,Gentamicine,Drug,N/A,,,
36d8bcf5-01f1-4c60-ac78-a7b5ccd31f2d,,CIEL:83028;SNOMED:47857006,,Quinine sulfate,Sulfate de quinine,Drug,N/A,,,
facb9b18-efad-4c4f-8855-0d20316a9326,,UNK:1769687598,,Serum antitetatique,Serum antitetatique,Drug,N/A,,,
41f47998-29ae-4f21-ad8c-32c50d0939f6,,CIEL:86082;SNOMED:372735009,,Vancomycin,Vancomycine,Drug,N/A,,,
ab684df6-849b-42f7-84db-e4d974d3941c,,CIEL:768;SNOMED:776413007,,Rifampicin & Isoniazide & Pyrazinamide,Rifampicine & Isoniazide & Pyrazinamide,Drug,N/A,,,
a75e7808-8b0a-4fbd-9ec9-244d632d71a8,,CIEL:159851;SNOMED:775858002,,Rifampicin & Izsoniazide & Ethambutol,Rifampicine & Izsoniazide & Ethambutol,Drug,N/A,,,
f292890a-e7ea-4dc8-b505-79e329e31b52,,CIEL:70056;SNOMED:387005008,,Abacavir (ABC),Abacavir (ABC),Drug,N/A,,,
5c8b92d4-a633-4d47-bb89-b08a65aea42e,,CIEL:159809;SNOMED:878898002,,Atazanavir & Ritonavir,Atazanavir & Ritonavir,Drug,N/A,,,
db3f2064-e3e5-450d-82d1-e07944d48430,,CIEL:74807;SNOMED:387105006,,Didanosine (DDI),Didanosine (DDI),Drug,N/A,,,
6744c8d5-ac9b-4552-ab55-6e9b2d235b75,,CIEL:75523;SNOMED:387001004,,Efavirenz (ENV or EFZ),Efavirenz (ENV ou EFZ),Drug,N/A,,,
da210f84-25d6-45a1-a8f4-7da11dadb24b,,SNOMED:874950001,,Efavirenz & Lamivudine & Tenofovir,Efavirenz & Lamivudine & Tenofovir,Drug,N/A,,,
55f59f64-9160-4a5a-865a-ac7bbaff3833,,CIEL:78643;SNOMED:386897000,,Lamivudine (3TC),Lamivudine (3TC),Drug,N/A,,,
dd2af8e4-fc75-4dc6-b66b-18cab45f01c5,,CIEL:161364;SNOMED:1268681000,,Lamivudine & Tenofovir,Lamivudine & Tenofovir,Drug,N/A,,,
63405d09-cdb2-4ced-995d-fa4eef9f8781,,CIEL:794;SNOMED:776569000,,Lopinavir & Ritonavir (LPV/r),Lopinavir & Ritonavir (LPV/r),Drug,N/A,,,
1bcc8df8-076b-46f6-afc0-c1cbf9e33438,,CIEL:80586;SNOMED:386898005,,Nevirapine (NVP),Névirapine (NVP),Drug,N/A,,,
dc93032f-aff4-445f-bc64-c4524ca314ac,,CIEL:84795;SNOMED:422091007,,Tenofovir,Ténofovir,Drug,N/A,,,
e14ca630-37ba-4a2b-94ac-fd2c3fa01d10,,CIEL:86663;SNOMED:387151007,,Zidovudine (AZT),Zidovudine (AZT),Drug,N/A,,,
72e3dc8b-9d9c-4978-b3a7-773df0045460,,CIEL:630;SNOMED:776469003,,Zidovudine & Lamivudine (AZT/3TC),Zidovudine & Lamivudine (AZT/3TC),Drug,N/A,,,
32369173-ba00-455c-a85e-b0377e24a948,,SNOMED:776467001,,Zidovudine & Lamivudine & Nevirapine (AZT/3TC/NVP),Zidovudine & Lamivudine & Nevirapine (AZT/3TC/NVP),Drug,N/A,,,
4f60c141-9051-4f22-a4b1-f286e17681a8,,CIEL:886;SNOMED:1861000221106,,BCG vaccine,BCG vaccine,Drug,N/A,,,
b5a7051e-b3c0-4aa7-b4aa-9b5a3b64e1af,,CIEL:166154;SNOMED:1119349007,,Moderna Covid 19 Vaccine,Moderna Covid 19 Vaccine,Drug,N/A,,,
0158e0b1-5fe4-4238-b06d-7fdede7b261a,,CIEL:167041;SNOMED:1119305005,,Pfizer-BioNTech Covid 19 Vaccine,Pfizer-BioNTech Covid 19 Vaccine,Drug,N/A,,,
0d4c670b-5107-4c4f-8bb8-0e564b54f980,,CIEL:166355,,Johnson & Johnson Covid 19 Vaccine,Johnson & Johnson Covid 19 Vaccine,Drug,N/A,,,
556d6907-f002-42e9-96ba-af6c6f4b6d2e,,CIEL:783;SNOMED:1051000221104,,Oral polio vaccine (OPV),Vaccin polio oral (VPO),Drug,N/A,,,
e981d07a-3541-4c09-9916-cc1460757c7b,,CIEL:1422;SNOMED:871740006,,Polio Vaccine-Inactivated Vaccine (IPV),Vaccin antipoliomyélitique inactivé (VPI),Drug,N/A,,,
7a849926-646e-4e96-948e-68dfe6272591,,CIEL:162586;SNOMED:871817003,,Measles Rubella Vaccine (MR),Vaccin rubéole rougeole (RR),Drug,N/A,,,
613c8c54-a1f5-435c-a1f0-ec9beaa42d06,,CIEL:1685;SNOMED:2081000221102,,Pentavalent Vaccine (Penta),Pentavalent Vaccine (Penta),Drug,N/A,,,
7dc377e9-793c-4ad5-8d79-59811de57d31,,CIEL:83531;SNOMED:871761004,,Rotavirus Vaccine (Rota),Vaccin rotavirus (Rota),Drug,N/A,,,
51ef2b9a-2ac7-4903-9594-c1bdb88eb10d,,CIEL:17;SNOMED:871826000,,Diphtheria Tetanus Vaccine (DT),Vaccin diphtérique tétanique (dT),Drug,N/A,,,
59381959-d0c2-4bfb-9da5-fbf75a046827,,CIEL:781;SNOMED:871875004,,Diphtheria Tetanus Pertusis Vaccine (DTP),Vaccin diphtérique tétanique coquelucheux (DTP),Drug,N/A,,,
c1c2676e-0533-40f7-89b4-f6f071817e02,,CIEL:82215;SNOMED:51451000087105,,Pneumococcal Vaccine (PCV13),Vaccin pneumocoque (PCV13),Drug,N/A,,,
c5032f5b-11b8-49f2-a183-bd3d3a95df31,,UNK:7495644396,,Ready-to-Use Supplementary Foods,Aliments Suplementaires Prets a l'emploi (ASPE),Drug,N/A,,,
92836bbe-aa15-458f-97d6-96da0a5a2345,,SNOMED:373508009,,Aminophyllin,Aminophylline,Drug,N/A,,,
51aba50f-c957-494b-aae9-c8137e56d303,,SNOMED:1193678001,,Biperidene lactate,Lactate de bipéridène,Drug,N/A,,,
c731f7a1-669d-43fe-89b4-1cc4655c7156,,UNK:4230519484,,Calcium & vit,Calcium & vit,Drug,N/A,,,
ebe04ba6-768f-42e5-9933-a5449b51a210,,CIEL:70229;SNOMED:32519007,,Activated charcoal,Charbon activé,Drug,N/A,,,
a67db321-80d4-41f0-be6a-24f50d11c804,,CIEL:73455;SNOMED:372495006,,Cisatracurium,Cisatracurium,Drug,N/A,,,
f4392a22-8b70-44b1-ae74-78ea084b76ef,,SNOMED:387346007,,Clomifen citrate,Clomifen citrate,Drug,N/A,,,
28ed2e52-c83c-4956-95f2-0b4cf1c27655,,UNK:1108250861,,Cortisone & antibiotic & antimycotic,Cortisone & antibio & antimycosique,Drug,N/A,,,
18b4fab2-68da-4ea4-9f05-4664ac6d855d,,SNOMED:119777600,,Dextran in NaCl,Dextrane dans NaCl,Drug,N/A,,,
14146168-c1af-414c-b211-679cf1952d3d,,CIEL:75687;SNOMED:372562003,,Enoxaparin,Énoxaparine,Drug,N/A,,,
e198d906-4a82-42bb-bc03-38d8083ca324,,CIEL:75720;SNOMED:387358007,,Ephedrine,éphédrine,Drug,N/A,,,
62313920-a030-48fa-aa97-db7b3afadaba,,CIEL:75872;SNOMED:372847006,,Esmolol,Esmolol,Drug,N/A,,,
153a837f-9c6b-4011-b062-0add78571d1a,,CIEL:76021;SNOMED:387218008,,Etomidate,Etomidate,Drug,N/A,,,
1a615bb7-2fc4-419c-98b9-93f05e3953b8,,CIEL:76253;SNOMED:386879008,,Fenofibrate,Fénofibrate,Drug,N/A,,,
0a5315d5-9599-43ac-868a-96a4278a617a,,SNOMED:776023009,,Fer elementaire & Acide folique,Fer elementaire & Acide folique,Drug,N/A,,,
56a2f553-a2f8-4a85-b66d-b6d0db670515,,CIEL:76500;SNOMED:387575000,,Flumazenil,Flumazénil,Drug,N/A,,,
9643b503-02ec-4fde-aeb1-a293dc8d7c75,,CIEL:77083;SNOMED:387122008,,Glycopyrrolate,Glycopyrrolate,Drug,N/A,,,
b07006a3-62c1-485a-b8ef-af0de629d04c,,SNOMED:387578003,,Hialorunate de Na+,Hialorunate de Na+,Drug,N/A,,,
bd8f1042-b1bd-4bb2-8b3b-fbda065e371f,,UNK:9366894183,,Hialorunate de Na+ et oxymetazoline,Hialorunate de Na+ et oxymetazoline,Drug,N/A,,,
3673e2b5-63bd-400a-a499-87d15e50d8a7,,UNK:3442160876,,Hydrocortisone hemorrhoidal,Hydrocortisone hémorroïdaire,Drug,N/A,,,
7055f997-aef8-4c05-9b18-6e002c6add03,,SNOMED:80834004,,Rabies immunoglobulins,Immunoglobulines antirabiques,Drug,N/A,,,
13c78cde-f14e-4ce9-94db-67e549dc8903,,SNOMED:386127005,,Formula Milk,Formule Lait,Drug,N/A,,,
4c7472fd-a025-49a1-bdca-ffd7d4fd766f,,SNOMED:775788003,,Lidocaine w & epinephrine dental,Lidocaine w & epinephrine dental,Drug,N/A,,,
89ed13af-d803-46dc-a1f2-3db6c5b8969b,,CIEL:79574;SNOMED:387298007,,Meperidine,Mépéridine,Drug,N/A,,,
9cf2bb23-9d7c-4281-862c-aa1e5ed94802,,UNK:9575719438,,MTV & Fer gttes (pr neonato),MTV & Fer gttes (pr neonato),Drug,N/A,,,
3009dd8b-d64f-44a0-ba23-2e33ca11279b,,SNOMED:372860000,,Nitroprussiate,Nitroprussiate,Drug,N/A,,,
70298171-26e2-4e1c-8b46-036b09e52af9,,CIEL:80779;SNOMED:45555007,,Noradrenaline,Noradrénaline,Drug,N/A,,,
8f63ffb3-f3cc-4242-8de4-1c1b097a14ad,,SNOMED:1354756004,,Parenteral nutrition (peripheral at least),Nutrition parentérale (périphérique au moins),Drug,N/A,,,
677d828f-8b7f-4fae-9391-f726b4eae941,,SNOMED:44446004,,Petroleum,Pétrole,Drug,N/A,,,
1fe88165-4877-427f-846e-b3b310039f15,,CIEL:82696;SNOMED:372910007,,Propafenone,Propafénone,Drug,N/A,,,
a90d51dd-bd38-4534-8ff6-d363d7f11fb0,,SNOMED:80582002,,Glycerin,glycérine,Drug,N/A,,,
c7eb7c7d-55d5-4163-acc4-35b14b715a96,,CIEL:72505;SNOMED:387150008,,Bupivacaine,Bupivacaïne,Drug,N/A,,,
5f373a4f-5793-4660-9868-87df0eca033a,,CIEL:82743;SNOMED:387203007,,Propylthiouracil,Propylthiouracile,Drug,N/A,,,
3ea17ac3-945f-48aa-a651-cd61ee838e97,,CIEL:82762;SNOMED:64520006,,Protamine sulfate,Sulfate de protamine,Drug,N/A,,,
3ab0a0ea-241d-42f4-8f86-b256c848f947,,CIEL:83902;SNOMED:372572000,,Sildenafil,Sildénafil,Drug,N/A,,,
fb7fc6f2-d105-4063-a35a-113e71857c5a,,CIEL:84359;SNOMED:395889004,,Streptokinase,Streptokinase,Drug,N/A,,,
c02185e2-eee3-4f1a-bb99-501d565499cd,,CIEL:84668;SNOMED:373345002,,Tamoxifen,Tamoxifène,Drug,N/A,,,
d22ab275-609b-458b-ba00-b9697af0bd41,,CIEL:85185;SNOMED:373548001,,Tobramycin,Tobramycine,Drug,N/A,,,
a52f6561-87d2-4f1c-b173-42ed8d27aaa7,,SNOMED:37237003,,Tocopherol,Tocophérol,Drug,N/A,,,
fb9b6f7f-af33-4988-8865-7e2b7ea20f92,,CIEL:166112;SNOMED:77671006,,Vasopressin,Vasopressine,Drug,N/A,,,
f2300d2e-7751-4504-aff4-7d8f68e14165,,UNK:2133146215,,Vitamins A and D,Vitamines A et D,Drug,N/A,,,
eac72f49-5761-42bd-94f5-d2ea19810bd1,,CIEL:74778,,Voltaren,Voltarène,Drug,N/A,,,
a5a5aaf1-541e-4ca6-9753-bd4b0e479f81,,CIEL:73449;SNOMED:372840008,,Ciprofloxacin,Ciprofloxacine,Drug,N/A,,,
136d7f67-07d7-48f3-9bc8-8b275f0d45c3,,SNOMED:387442005,,Simeticone,Simeticone,Drug,N/A,,,
bb9c9e33-00db-4f9f-b230-adde3df9b092,,SNOMED:429663004,,Primoquine,Primoquine,Drug,N/A,,,
aefe36c3-3294-4899-b113-8d09218d58dc,,SNOMED:23433006,,Calciferol,Calciferol,Drug,N/A,,,
497457dc-48c1-40f9-8261-0bd9f4bf6b21,,SNOMED:372682005,,Dyphenhydramine,Dyphenhydramine,Drug,N/A,,,
48bcdab5-adb0-4229-aef3-1168a51c2932,,UNK:7304400435,,Eucalyptus & Diphenhydramine & Phenylephrine,Eucalyptus & Diphenhydramine & Phenylephrine,Drug,N/A,,,
a5a5aaf1-541e-4ca6-9753-bd4b0e479f81,,CIEL:73449;SNOMED:372840008,,Ciprofloxacin,Ciprofloxacine,Drug,N/A,,,
136d7f67-07d7-48f3-9bc8-8b275f0d45c3,,UNK:6009959906,,Someticone,Someticone,Drug,N/A,,,
984e4058-d87f-489f-a28d-138c90565666,,CIEL:83919;SNOMED:373483000,,Silver Nitrate,Silver Nitrate,Drug,N/A,,,
a546446e-e789-4d02-b02f-c938c6bd373f,,UNK:3505395875,,Boric acid & Antipyrine & Ephedrine,Acide borique & Antipyrine & Ephedrine,Drug,N/A,,,
252159dc-3a8c-4587-801f-762118de992c,,SNOMED:774758003,,Belladona & Phenobarbital,Belladona & Phenobarbital,Drug,N/A,,,
8f8920be-f144-4fba-b4db-d32940dcea04,,UNK:2507258819,,Dequalinium & Lidocaine,Déqualinium & Lidocaïne,Drug,N/A,,,
05130695-8005-4d57-a803-111265f0f4c1,,UNK:9381834494,,Diclofenac & Vitamin B complex,Diclofénac & Complexe de vitamine B,Drug,N/A,,,
66c997ab-d252-43e5-94ca-b5925a60fdbb,,UNK:1300952402,,Diclofenac & Methocarbamol & Paracetamol,Diclofenac & Methocarbamol & Paracetamol,Drug,N/A,,,
5dd3d4a7-5389-4213-94a9-95c193b8b144,,UNK:9734155517,,Diclofenac & B complex & Chlorzoxasone (Orthoflex),Diclofenac & B complex & Chlorzoxasone (Orthoflex),Drug,N/A,,,
5ac2861d-71e9-4488-bf29-449d555ddfcb,,UNK:4700615446,,Diosmine & Hesperidine,Diosmine & Hesperidine,Drug,N/A,,,
909ea570-031b-422e-b28d-17b7f492a1b9,,CIEL:76861;SNOMED:387189002,,Gemfibrozil,Genfibrozil,Drug,N/A,,,
1d47e474-4ae6-4e47-9b69-2ce6ed7399ac,,UNK:6911815432,,Glucosamine & Chondroitin,Glucosamine & Chondroitin,Drug,N/A,,,
a30dc1f2-a26b-4bc0-90a4-e7eb7feea473,,SNOMED:12096000,,Nystatin & Zinc Oxide,Nystatine et oxyde de zinc,Drug,N/A,,,
bcf73538-3f39-4429-a30d-8499609942cd,,UNK:3660350261,,Multivitamin & Iron,Multivitamines et fer,Drug,N/A,,,
d644e9bd-7ae2-4ef3-b7b7-739816051213,,CIEL:81765;SNOMED:387522004,,Pentoxifylline,Pentoxifylline,Drug,N/A,,,
792871a0-4a52-4e5d-bdd2-4fd49d636227,,UNK:3649900361,,Podophillin,Podophylline,Drug,N/A,,,
916e4268-45b9-4db4-b273-1d5b4a6539b3,,CIEL:72241;SNOMED:82075003,,Bismuth subsalicylate,Sous-Salicylate de bismuth,Drug,N/A,,,
befb3cf7-b773-4bae-903f-7eeb62a7ab64,,CIEL:77795;SNOMED:387314007,,Hydroxyurea,Hydroxyurée,Drug,N/A,,,
e140fc36-0987-4dcf-9854-e3fed9682c82,,SNOMED:39359008,,Phenoxy penicillin,Phénoxy pénicilline,Drug,N/A,,,
393b2c77-d2d9-475f-8c67-b35f9d5afc6a,,UNK:4216333620,,Extrait d'Artichaut (Bilvit) solution,Extrait d'Artichaut (Bilvit) solution,Drug,N/A,,,
56032611-cbb1-422d-91c4-eddb13684a4d,,UNK:9047977867,,Soufre savon,Soufre savon,Drug,N/A,,,
846f0b27-0bbe-4cd0-afe6-6b0763188ff1,,UNK:8061988157,,Rowatinex,Rowatinex,Drug,N/A,,,
ede5d881-3675-4238-ba10-9e8de8d13400,,UNK:6957752329,,Benzocaine & Enoxolone & Dodeclonium & Esculoside (Sédorrhoide) Onguent hemmorroidal,Benzocaine & Enoxolone & Dodeclonium & Esculoside (Sédorrhoide) Onguent hemmorroidal,Drug,N/A,,,
a11e3d16-8825-4ca2-b066-670387168c37,,UNK:2267995404,,Pyrilamine & Gaicolate de Glycerol & Ephedrine Sirop,Pyrilamine & Gaicolate de Glycerol & Ephedrine Sirop,Drug,N/A,,,
